{"cameraMode":{"drawMode":0,"name":"Shaded","section":"Shading Mode"},"sceneLighting":false,"audioPlay":false,"sceneViewState":{"m_AlwaysRefresh":false,"showFog":true,"showSkybox":false,"showFlares":true,"showImageEffects":true,"showParticleSystems":true,"showVisualEffectGraphs":true,"m_FxEnabled":true},"in2DMode":false,"pivot":{"x":-0.18526649475097657,"y":0.01593804359436035,"z":-0.06472206115722656},"rotation":{"x":0.15480993688106538,"y":-0.5197836756706238,"z":0.09640608727931977,"w":0.834619402885437},"size":2.117171287536621,"orthographic":false}