{"cameraMode":{"drawMode":0,"name":"Shaded","section":"Shading Mode"},"sceneLighting":true,"audioPlay":false,"sceneViewState":{"m_AlwaysRefresh":false,"showFog":true,"showSkybox":false,"showFlares":true,"showImageEffects":true,"showParticleSystems":true,"showVisualEffectGraphs":true,"m_FxEnabled":true},"in2DMode":false,"pivot":{"x":5.694516181945801,"y":82.78792572021485,"z":109.71723175048828},"rotation":{"x":-0.004058235790580511,"y":0.987616240978241,"z":-0.16057971119880677,"w":-0.015878362581133844},"size":6.094844341278076,"orthographic":false}