{"cameraMode":{"drawMode":0,"name":"Shaded","section":"Shading Mode"},"sceneLighting":false,"audioPlay":false,"sceneViewState":{"m_AlwaysRefresh":false,"showFog":true,"showSkybox":false,"showFlares":true,"showImageEffects":true,"showParticleSystems":true,"showVisualEffectGraphs":true,"m_FxEnabled":true},"in2DMode":false,"pivot":{"x":0.6996692419052124,"y":1.2672998905181885,"z":-0.6002053022384644},"rotation":{"x":0.2136574238538742,"y":0.44903454184532168,"z":-0.11150877922773361,"w":0.8604150414466858},"size":2.3371992111206056,"orthographic":false}