{"cameraMode":{"drawMode":0,"name":"Shaded","section":"Shading Mode"},"sceneLighting":false,"audioPlay":false,"sceneViewState":{"m_AlwaysRefresh":false,"showFog":true,"showSkybox":false,"showFlares":true,"showImageEffects":true,"showParticleSystems":true,"showVisualEffectGraphs":true,"m_FxEnabled":true},"in2DMode":false,"pivot":{"x":-14.607383728027344,"y":-76.31190490722656,"z":9.905716896057129},"rotation":{"x":0.026653073728084565,"y":-0.7027857303619385,"z":0.026366759091615678,"w":0.7104142308235169},"size":11.114481925964356,"orthographic":true}