{"cameraMode":{"drawMode":0,"name":"Shaded","section":"Shading Mode"},"sceneLighting":true,"audioPlay":false,"sceneViewState":{"m_AlwaysRefresh":false,"showFog":true,"showSkybox":false,"showFlares":true,"showImageEffects":true,"showParticleSystems":true,"showVisualEffectGraphs":true,"m_FxEnabled":true},"in2DMode":false,"pivot":{"x":-22.07452392578125,"y":80.18560028076172,"z":121.40159606933594},"rotation":{"x":-0.024678193032741548,"y":0.9477376937866211,"z":-0.3116092085838318,"w":-0.07301853597164154},"size":3.1795883178710939,"orthographic":false}