{"cameraMode":{"drawMode":0,"name":"Shaded","section":"Shading Mode"},"sceneLighting":false,"audioPlay":false,"sceneViewState":{"m_AlwaysRefresh":false,"showFog":true,"showSkybox":false,"showFlares":true,"showImageEffects":true,"showParticleSystems":true,"showVisualEffectGraphs":true,"m_FxEnabled":true},"in2DMode":false,"pivot":{"x":-4.137119293212891,"y":6.3189873695373539,"z":-15.710458755493164},"rotation":{"x":0.005260322708636522,"y":0.9801808595657349,"z":0.025993242859840394,"w":0.1970447152853012},"size":7.337551593780518,"orthographic":false}