{"cameraMode":{"drawMode":0,"name":"Shaded","section":"Shading Mode"},"sceneLighting":false,"audioPlay":false,"sceneViewState":{"m_AlwaysRefresh":false,"showFog":true,"showSkybox":false,"showFlares":true,"showImageEffects":true,"showParticleSystems":true,"showVisualEffectGraphs":true,"m_FxEnabled":true},"in2DMode":false,"pivot":{"x":0.8474572896957398,"y":-0.09100964665412903,"z":0.258287638425827},"rotation":{"x":0.06354089826345444,"y":0.6204891204833984,"z":-0.03735039383172989,"w":0.7809250354766846},"size":4.104325294494629,"orthographic":false}