{"cameraMode":{"drawMode":0,"name":"Shaded","section":"Shading Mode"},"sceneLighting":true,"audioPlay":false,"sceneViewState":{"m_AlwaysRefresh":false,"showFog":true,"showSkybox":false,"showFlares":true,"showImageEffects":true,"showParticleSystems":true,"showVisualEffectGraphs":true,"m_FxEnabled":true},"in2DMode":false,"pivot":{"x":4.649069786071777,"y":74.93724060058594,"z":89.57157135009766},"rotation":{"x":-0.35542845726013186,"y":-0.0017909037414938212,"z":0.0005670858081430197,"w":-0.9347248077392578},"size":16.974525451660158,"orthographic":false}