{"cameraMode":{"drawMode":0,"name":"Shaded","section":"Shading Mode"},"sceneLighting":true,"audioPlay":false,"sceneViewState":{"m_AlwaysRefresh":false,"showFog":true,"showSkybox":false,"showFlares":true,"showImageEffects":true,"showParticleSystems":true,"showVisualEffectGraphs":true,"m_FxEnabled":true},"in2DMode":false,"pivot":{"x":16.578401565551759,"y":97.6468505859375,"z":61.46763229370117},"rotation":{"x":0.15162664651870728,"y":-0.16512738168239594,"z":0.025715235620737077,"w":0.9742430448532105},"size":15.24001693725586,"orthographic":true}