{"cameraMode":{"drawMode":0,"name":"Shaded","section":"Shading Mode"},"sceneLighting":true,"audioPlay":false,"sceneViewState":{"m_AlwaysRefresh":false,"showFog":true,"showSkybox":false,"showFlares":true,"showImageEffects":true,"showParticleSystems":true,"showVisualEffectGraphs":true,"m_FxEnabled":true},"in2DMode":false,"pivot":{"x":1.7287712097167969,"y":77.77742767333985,"z":101.05927276611328},"rotation":{"x":-0.1527594029903412,"y":-0.010764282196760178,"z":0.0015552572440356017,"w":-0.9882251024246216},"size":32.95906066894531,"orthographic":false}