{"cameraMode":{"drawMode":0,"name":"Shaded","section":"Shading Mode"},"sceneLighting":true,"audioPlay":false,"sceneViewState":{"m_AlwaysRefresh":false,"showFog":true,"showSkybox":false,"showFlares":true,"showImageEffects":true,"showParticleSystems":true,"showVisualEffectGraphs":true,"m_FxEnabled":true},"in2DMode":false,"pivot":{"x":10.10997200012207,"y":109.97232818603516,"z":127.1754379272461},"rotation":{"x":-0.006327149923890829,"y":0.9395797848701477,"z":-0.34371820092201235,"w":-0.015911642462015153},"size":1.9975727796554566,"orthographic":false}