{"cameraMode":{"drawMode":0,"name":"Shaded","section":"Shading Mode"},"sceneLighting":true,"audioPlay":false,"sceneViewState":{"m_AlwaysRefresh":false,"showFog":true,"showSkybox":false,"showFlares":true,"showImageEffects":true,"showParticleSystems":true,"showVisualEffectGraphs":true,"m_FxEnabled":true},"in2DMode":false,"pivot":{"x":158.85675048828126,"y":127.66641235351563,"z":460.9803771972656},"rotation":{"x":-0.11189538240432739,"y":0.6445095539093018,"z":-0.09605253487825394,"w":-0.7503212690353394},"size":12.336153030395508,"orthographic":false}