{"cameraMode":{"drawMode":0,"name":"Shaded","section":"Shading Mode"},"sceneLighting":true,"audioPlay":false,"sceneViewState":{"m_AlwaysRefresh":false,"showFog":true,"showSkybox":false,"showFlares":true,"showImageEffects":true,"showParticleSystems":true,"showVisualEffectGraphs":true,"m_FxEnabled":true},"in2DMode":false,"pivot":{"x":170.86956787109376,"y":125.53475189208985,"z":466.2986145019531},"rotation":{"x":-0.06738205999135971,"y":0.9276084899902344,"z":-0.20449700951576234,"w":-0.3054566979408264},"size":12.336153030395508,"orthographic":false}