{"cameraMode":{"drawMode":0,"name":"Shaded","section":"Shading Mode"},"sceneLighting":true,"audioPlay":false,"sceneViewState":{"m_AlwaysRefresh":false,"showFog":true,"showSkybox":false,"showFlares":true,"showImageEffects":true,"showParticleSystems":true,"showVisualEffectGraphs":true,"m_FxEnabled":true},"in2DMode":false,"pivot":{"x":147.4245147705078,"y":-337.3070373535156,"z":206.33377075195313},"rotation":{"x":0.0043706088326871399,"y":-0.8546164631843567,"z":0.5192785263061523,"w":0.0071714334189891819},"size":268.69293212890627,"orthographic":false}