{"cameraMode":{"drawMode":0,"name":"Shaded","section":"Shading Mode"},"sceneLighting":true,"audioPlay":false,"sceneViewState":{"m_AlwaysRefresh":false,"showFog":true,"showSkybox":false,"showFlares":true,"showImageEffects":true,"showParticleSystems":true,"showVisualEffectGraphs":true,"m_FxEnabled":true},"in2DMode":false,"pivot":{"x":199.75411987304688,"y":73.92096710205078,"z":294.9334411621094},"rotation":{"x":0.025564318522810937,"y":0.9741590023040772,"z":-0.15756164491176606,"w":0.16356652975082398},"size":93.65122985839844,"orthographic":false}