{"cameraMode":{"drawMode":0,"name":"Shaded","section":"Shading Mode"},"sceneLighting":false,"audioPlay":false,"sceneViewState":{"m_AlwaysRefresh":false,"showFog":true,"showSkybox":false,"showFlares":true,"showImageEffects":true,"showParticleSystems":true,"showVisualEffectGraphs":true,"m_FxEnabled":true},"in2DMode":false,"pivot":{"x":76.50438690185547,"y":7.652149677276611,"z":-21.057815551757814},"rotation":{"x":0.20885172486305238,"y":0.39832940697669985,"z":-0.08200059831142426,"w":0.8895360231399536},"size":29.932743072509767,"orthographic":false}