{"cameraMode":{"drawMode":0,"name":"Shaded","section":"Shading Mode"},"sceneLighting":true,"audioPlay":false,"sceneViewState":{"m_AlwaysRefresh":false,"showFog":true,"showSkybox":false,"showFlares":true,"showImageEffects":true,"showParticleSystems":true,"showVisualEffectGraphs":true,"m_FxEnabled":true},"in2DMode":false,"pivot":{"x":-13.647951126098633,"y":-126.94670104980469,"z":-27.69770050048828},"rotation":{"x":-0.013100067153573037,"y":0.8432790637016296,"z":-0.5369542837142944,"w":-0.020604539662599565},"size":109.22161865234375,"orthographic":false}