{"cameraMode":{"drawMode":0,"name":"Shaded","section":"Shading Mode"},"sceneLighting":true,"audioPlay":false,"sceneViewState":{"m_AlwaysRefresh":false,"showFog":true,"showSkybox":false,"showFlares":true,"showImageEffects":true,"showParticleSystems":true,"showVisualEffectGraphs":true,"m_FxEnabled":true},"in2DMode":false,"pivot":{"x":34.042884826660159,"y":79.6522216796875,"z":127.08847045898438},"rotation":{"x":-0.31000059843063357,"y":-0.03175819665193558,"z":0.010244910605251789,"w":-0.9501734375953674},"size":11.911469459533692,"orthographic":false}