{"cameraMode":{"drawMode":0,"name":"Shaded","section":"Shading Mode"},"sceneLighting":true,"audioPlay":false,"sceneViewState":{"m_AlwaysRefresh":false,"showFog":true,"showSkybox":false,"showFlares":true,"showImageEffects":true,"showParticleSystems":true,"showVisualEffectGraphs":true,"m_FxEnabled":true},"in2DMode":false,"pivot":{"x":29.056873321533204,"y":28.284744262695314,"z":166.1260986328125},"rotation":{"x":-0.30272412300109866,"y":-0.043258603662252429,"z":0.01364872045814991,"w":-0.952023446559906},"size":62.18057632446289,"orthographic":false}