{"cameraMode":{"drawMode":0,"name":"Shaded","section":"Shading Mode"},"sceneLighting":false,"audioPlay":false,"sceneViewState":{"m_AlwaysRefresh":false,"showFog":true,"showSkybox":false,"showFlares":true,"showImageEffects":true,"showParticleSystems":true,"showVisualEffectGraphs":true,"m_FxEnabled":true},"in2DMode":false,"pivot":{"x":11.438796997070313,"y":3.1333320140838625,"z":-5.4043426513671879},"rotation":{"x":-0.0017839812207967044,"y":-0.9754279255867004,"z":0.22017385065555573,"w":-0.007902918383479119},"size":265.6732177734375,"orthographic":false}