{"cameraMode":{"drawMode":0,"name":"Shaded","section":"Shading Mode"},"sceneLighting":true,"audioPlay":false,"sceneViewState":{"m_AlwaysRefresh":false,"showFog":true,"showSkybox":true,"showFlares":true,"showImageEffects":true,"showParticleSystems":true,"showVisualEffectGraphs":true,"m_FxEnabled":true},"in2DMode":false,"pivot":{"x":599.8428955078125,"y":364.54339599609377,"z":7876.8466796875},"rotation":{"x":0.0032345952931791546,"y":-0.012088855728507042,"z":-0.00008923570567276329,"w":-0.999984622001648},"size":4289.73486328125,"orthographic":false}