{"cameraMode":{"drawMode":0,"name":"Shaded","section":"Shading Mode"},"sceneLighting":true,"audioPlay":false,"sceneViewState":{"m_AlwaysRefresh":false,"showFog":true,"showSkybox":true,"showFlares":true,"showImageEffects":true,"showParticleSystems":true,"showVisualEffectGraphs":true,"m_FxEnabled":true},"in2DMode":false,"pivot":{"x":415.2388610839844,"y":392.5191345214844,"z":2102.091064453125},"rotation":{"x":0.0017327677924185992,"y":-0.01627444289624691,"z":-0.00015627489483449608,"w":-0.9999050498008728},"size":1496.7548828125,"orthographic":false}