{"cameraMode":{"drawMode":0,"name":"Shaded","section":"Shading Mode"},"sceneLighting":true,"audioPlay":false,"sceneViewState":{"m_AlwaysRefresh":false,"showFog":true,"showSkybox":true,"showFlares":true,"showImageEffects":true,"showParticleSystems":true,"showVisualEffectGraphs":true,"m_FxEnabled":true},"in2DMode":false,"pivot":{"x":1438.7962646484375,"y":1.5918312072753907,"z":1194.2310791015625},"rotation":{"x":-0.07987596094608307,"y":-0.7070350646972656,"z":0.08066871017217636,"w":-0.6980501413345337},"size":7.084164619445801,"orthographic":false}