{"cameraMode":{"drawMode":0,"name":"Shaded","section":"Shading Mode"},"sceneLighting":true,"audioPlay":false,"sceneViewState":{"m_AlwaysRefresh":false,"showFog":true,"showSkybox":true,"showFlares":true,"showImageEffects":true,"showParticleSystems":true,"showVisualEffectGraphs":true,"m_FxEnabled":true},"in2DMode":false,"pivot":{"x":1524.3553466796875,"y":76.29425048828125,"z":1287.2589111328125},"rotation":{"x":-0.4602639079093933,"y":0.002548370510339737,"z":-0.0014025166165083647,"w":-0.8878443837165833},"size":510.06512451171877,"orthographic":false}