{"cameraMode":{"drawMode":0,"name":"Shaded","section":"Shading Mode"},"sceneLighting":true,"audioPlay":false,"sceneViewState":{"m_AlwaysRefresh":false,"showFog":true,"showSkybox":true,"showFlares":true,"showImageEffects":true,"showParticleSystems":true,"showVisualEffectGraphs":true,"m_FxEnabled":true},"in2DMode":false,"pivot":{"x":1200.5323486328125,"y":-119.04039764404297,"z":1044.2142333984375},"rotation":{"x":0.017683135345578195,"y":0.9543148279190064,"z":-0.29852819442749026,"w":0.022982655093073846},"size":159.05018615722657,"orthographic":false}