{"cameraMode":{"drawMode":0,"name":"Shaded","section":"Shading Mode"},"sceneLighting":true,"audioPlay":false,"sceneViewState":{"m_AlwaysRefresh":false,"showFog":true,"showSkybox":false,"showFlares":true,"showImageEffects":true,"showParticleSystems":true,"showVisualEffectGraphs":true,"m_FxEnabled":true},"in2DMode":false,"pivot":{"x":7.003604412078857,"y":79.73930358886719,"z":101.84477996826172},"rotation":{"x":-0.02274155803024769,"y":-0.011924074031412602,"z":-0.0001354436099063605,"w":0.9996897578239441},"size":3.3965818881988527,"orthographic":false}