{"cameraMode":{"drawMode":0,"name":"Shaded","section":"Shading Mode"},"sceneLighting":true,"audioPlay":false,"sceneViewState":{"m_AlwaysRefresh":false,"showFog":true,"showSkybox":false,"showFlares":true,"showImageEffects":true,"showParticleSystems":true,"showVisualEffectGraphs":true,"m_FxEnabled":true},"in2DMode":false,"pivot":{"x":4.127333164215088,"y":100.51277160644531,"z":76.48229217529297},"rotation":{"x":-0.35940372943878176,"y":-0.07499024271965027,"z":0.017807643860578538,"w":-0.930081307888031},"size":1.8857098817825318,"orthographic":false}