{"cameraMode":{"drawMode":0,"name":"Shaded","section":"Shading Mode"},"sceneLighting":true,"audioPlay":false,"sceneViewState":{"m_AlwaysRefresh":false,"showFog":true,"showSkybox":false,"showFlares":true,"showImageEffects":true,"showParticleSystems":true,"showVisualEffectGraphs":true,"m_FxEnabled":true},"in2DMode":false,"pivot":{"x":-0.12950706481933595,"y":4.6254963874816898,"z":-17.6007137298584},"rotation":{"x":-0.47007670998573305,"y":0.002274534897878766,"z":-0.0013127635465934873,"w":-0.882655918598175},"size":24.24871063232422,"orthographic":false}