{"cameraMode":{"drawMode":0,"name":"Shaded","section":"Shading Mode"},"sceneLighting":true,"audioPlay":false,"sceneViewState":{"m_AlwaysRefresh":false,"showFog":true,"showSkybox":false,"showFlares":true,"showImageEffects":true,"showParticleSystems":true,"showVisualEffectGraphs":true,"m_FxEnabled":true},"in2DMode":false,"pivot":{"x":7.83858585357666,"y":0.7863798141479492,"z":0.700343132019043},"rotation":{"x":0.2553432881832123,"y":-0.13950157165527345,"z":0.037260040640830997,"w":0.9560100436210632},"size":23.144071578979493,"orthographic":false}