{"cameraMode":{"drawMode":0,"name":"Shaded","section":"Shading Mode"},"sceneLighting":false,"audioPlay":false,"sceneViewState":{"m_AlwaysRefresh":false,"showFog":true,"showSkybox":false,"showFlares":true,"showImageEffects":true,"showParticleSystems":true,"showVisualEffectGraphs":true,"m_FxEnabled":true},"in2DMode":false,"pivot":{"x":1.5485529899597169,"y":1.6780500411987305,"z":0.49984368681907656},"rotation":{"x":-0.23672796785831452,"y":0.7485369443893433,"z":-0.3440290093421936,"w":-0.5150738954544067},"size":0.8660253882408142,"orthographic":false}