{"cameraMode":{"drawMode":0,"name":"Shaded","section":"Shading Mode"},"sceneLighting":false,"audioPlay":false,"sceneViewState":{"m_AlwaysRefresh":false,"showFog":true,"showSkybox":false,"showFlares":true,"showImageEffects":true,"showParticleSystems":true,"showVisualEffectGraphs":true,"m_FxEnabled":true},"in2DMode":false,"pivot":{"x":10.491634368896485,"y":28.505706787109376,"z":6.8374433517456059},"rotation":{"x":-0.24080829322338105,"y":0.6279023289680481,"z":-0.2130347639322281,"w":-0.7089093923568726},"size":33.063148498535159,"orthographic":true}