{"cameraMode":{"drawMode":0,"name":"Shaded","section":"Shading Mode"},"sceneLighting":false,"audioPlay":false,"sceneViewState":{"m_AlwaysRefresh":false,"showFog":true,"showSkybox":false,"showFlares":true,"showImageEffects":true,"showParticleSystems":true,"showVisualEffectGraphs":true,"m_FxEnabled":true},"in2DMode":false,"pivot":{"x":2.717726230621338,"y":16.203571319580079,"z":-11.541582107543946},"rotation":{"x":0.2356683313846588,"y":-0.24497193098068238,"z":0.06142932549118996,"w":0.9385183453559876},"size":28.127988815307618,"orthographic":true}