{"cameraMode":{"drawMode":0,"name":"Shaded","section":"Shading Mode"},"sceneLighting":false,"audioPlay":false,"sceneViewState":{"m_AlwaysRefresh":false,"showFog":true,"showSkybox":false,"showFlares":true,"showImageEffects":true,"showParticleSystems":true,"showVisualEffectGraphs":true,"m_FxEnabled":true},"in2DMode":false,"pivot":{"x":-0.3731718063354492,"y":-64.64968872070313,"z":-6.7144317626953129},"rotation":{"x":0.03207235783338547,"y":-0.9304916858673096,"z":0.3551104664802551,"w":0.08436910063028336},"size":0.8660253882408142,"orthographic":true}