{"cameraMode":{"drawMode":0,"name":"Shaded","section":"Shading Mode"},"sceneLighting":true,"audioPlay":false,"sceneViewState":{"m_AlwaysRefresh":false,"showFog":true,"showSkybox":false,"showFlares":true,"showImageEffects":true,"showParticleSystems":true,"showVisualEffectGraphs":true,"m_FxEnabled":true},"in2DMode":false,"pivot":{"x":2.5873093605041506,"y":75.77510833740235,"z":96.35315704345703},"rotation":{"x":-0.30762243270874026,"y":-0.09098240733146668,"z":0.029454609379172326,"w":-0.9467151165008545},"size":38.25877380371094,"orthographic":false}