{"cameraMode":{"drawMode":0,"name":"Shaded","section":"Shading Mode"},"sceneLighting":true,"audioPlay":false,"sceneViewState":{"m_AlwaysRefresh":false,"showFog":true,"showSkybox":false,"showFlares":true,"showImageEffects":true,"showParticleSystems":true,"showVisualEffectGraphs":true,"m_FxEnabled":true},"in2DMode":false,"pivot":{"x":-26.162376403808595,"y":88.42285919189453,"z":111.0915298461914},"rotation":{"x":0.04261263832449913,"y":0.8868587017059326,"z":-0.08325832337141037,"w":0.45252349972724917},"size":19.329946517944337,"orthographic":false}