{"cameraMode":{"drawMode":0,"name":"Shaded","section":"Shading Mode"},"sceneLighting":false,"audioPlay":false,"sceneViewState":{"m_AlwaysRefresh":false,"showFog":true,"showSkybox":false,"showFlares":true,"showImageEffects":true,"showParticleSystems":true,"showVisualEffectGraphs":true,"m_FxEnabled":true},"in2DMode":false,"pivot":{"x":0.08991894870996475,"y":-0.028371497988700868,"z":0.18785443902015687},"rotation":{"x":0.2864876687526703,"y":-0.0481952540576458,"z":0.01354983914643526,"w":0.957423210144043},"size":0.4335562586784363,"orthographic":false}