{"cameraMode":{"drawMode":0,"name":"Shaded","section":"Shading Mode"},"sceneLighting":true,"audioPlay":false,"sceneViewState":{"m_AlwaysRefresh":false,"showFog":true,"showSkybox":false,"showFlares":true,"showImageEffects":true,"showParticleSystems":true,"showVisualEffectGraphs":true,"m_FxEnabled":true},"in2DMode":false,"pivot":{"x":-42.072208404541019,"y":49.73999786376953,"z":123.28211975097656},"rotation":{"x":0.27025142312049868,"y":-0.5325378179550171,"z":0.18451198935508729,"w":0.7806220650672913},"size":60.423988342285159,"orthographic":false}