{"cameraMode":{"drawMode":0,"name":"Shaded","section":"Shading Mode"},"sceneLighting":true,"audioPlay":false,"sceneViewState":{"m_AlwaysRefresh":false,"showFog":true,"showSkybox":false,"showFlares":true,"showImageEffects":true,"showParticleSystems":true,"showVisualEffectGraphs":true,"m_FxEnabled":true},"in2DMode":false,"pivot":{"x":0.6926417350769043,"y":75.18230438232422,"z":92.28197479248047},"rotation":{"x":0.32345399260520937,"y":-0.6403009295463562,"z":0.34110042452812197,"w":0.6075304746627808},"size":26.198331832885743,"orthographic":false}