{"cameraMode":{"drawMode":0,"name":"Shaded","section":"Shading Mode"},"sceneLighting":true,"audioPlay":false,"sceneViewState":{"m_AlwaysRefresh":false,"showFog":true,"showSkybox":false,"showFlares":true,"showImageEffects":true,"showParticleSystems":true,"showVisualEffectGraphs":true,"m_FxEnabled":true},"in2DMode":false,"pivot":{"x":-21.880760192871095,"y":43.27705001831055,"z":121.45449829101563},"rotation":{"x":0.28211498260498049,"y":-0.12065526098012924,"z":0.035908229649066928,"w":0.9511105418205261},"size":57.04444122314453,"orthographic":false}