{"cameraMode":{"drawMode":0,"name":"Shaded","section":"Shading Mode"},"sceneLighting":true,"audioPlay":false,"sceneViewState":{"m_AlwaysRefresh":false,"showFog":true,"showSkybox":false,"showFlares":true,"showImageEffects":true,"showParticleSystems":true,"showVisualEffectGraphs":true,"m_FxEnabled":true},"in2DMode":false,"pivot":{"x":-19.362398147583009,"y":82.81359100341797,"z":108.43050384521485},"rotation":{"x":0.14958877861499787,"y":-0.23317110538482667,"z":0.035280387848615649,"w":0.9608429074287415},"size":1.3933725357055665,"orthographic":false}