{"cameraMode":{"drawMode":0,"name":"Shaded","section":"Shading Mode"},"sceneLighting":true,"audioPlay":false,"sceneViewState":{"m_AlwaysRefresh":false,"showFog":true,"showSkybox":false,"showFlares":true,"showImageEffects":true,"showParticleSystems":true,"showVisualEffectGraphs":true,"m_FxEnabled":true},"in2DMode":false,"pivot":{"x":8.49709701538086,"y":28.760398864746095,"z":161.19264221191407},"rotation":{"x":0.3112359046936035,"y":0.006273750215768814,"z":-0.002054560463875532,"w":0.9503114223480225},"size":59.067359924316409,"orthographic":false}