{"cameraMode":{"drawMode":0,"name":"Shaded","section":"Shading Mode"},"sceneLighting":true,"audioPlay":false,"sceneViewState":{"m_AlwaysRefresh":false,"showFog":true,"showSkybox":false,"showFlares":true,"showImageEffects":true,"showParticleSystems":true,"showVisualEffectGraphs":true,"m_FxEnabled":true},"in2DMode":false,"pivot":{"x":1.1030468940734864,"y":69.05178833007813,"z":148.80157470703126},"rotation":{"x":0.17163239419460298,"y":0.012414353899657727,"z":-0.0021627561654895546,"w":0.9850817322731018},"size":36.768009185791019,"orthographic":false}