{"cameraMode":{"drawMode":0,"name":"Shaded","section":"Shading Mode"},"sceneLighting":true,"audioPlay":false,"sceneViewState":{"m_AlwaysRefresh":false,"showFog":true,"showSkybox":false,"showFlares":true,"showImageEffects":true,"showParticleSystems":true,"showVisualEffectGraphs":true,"m_FxEnabled":true},"in2DMode":false,"pivot":{"x":4.878152847290039,"y":79.34584045410156,"z":99.1631851196289},"rotation":{"x":0.17605936527252198,"y":-0.014172709546983242,"z":0.002535211620852351,"w":0.9842761158943176},"size":10.760234832763672,"orthographic":false}