{"cameraMode":{"drawMode":0,"name":"Shaded","section":"Shading Mode"},"sceneLighting":false,"audioPlay":false,"sceneViewState":{"m_AlwaysRefresh":false,"showFog":true,"showSkybox":false,"showFlares":true,"showImageEffects":true,"showParticleSystems":true,"showVisualEffectGraphs":true,"m_FxEnabled":true},"in2DMode":false,"pivot":{"x":5.981218338012695,"y":0.9223821759223938,"z":10.751792907714844},"rotation":{"x":-0.0017839812207967044,"y":-0.9754279255867004,"z":0.22017385065555573,"w":-0.007902918383479119},"size":0.4711034297943115,"orthographic":false}