{"cameraMode":{"drawMode":0,"name":"Shaded","section":"Shading Mode"},"sceneLighting":false,"audioPlay":false,"sceneViewState":{"m_AlwaysRefresh":false,"showFog":true,"showSkybox":false,"showFlares":true,"showImageEffects":true,"showParticleSystems":true,"showVisualEffectGraphs":true,"m_FxEnabled":true},"in2DMode":false,"pivot":{"x":0.07550249993801117,"y":0.3396816551685333,"z":-0.09262731671333313},"rotation":{"x":-0.04947524890303612,"y":0.013483057729899884,"z":0.0006679565412923694,"w":0.9986841678619385},"size":1.0422204732894898,"orthographic":false}