{"cameraMode":{"drawMode":0,"name":"Shaded","section":"Shading Mode"},"sceneLighting":false,"audioPlay":false,"sceneViewState":{"m_AlwaysRefresh":false,"showFog":true,"showSkybox":false,"showFlares":true,"showImageEffects":true,"showParticleSystems":true,"showVisualEffectGraphs":true,"m_FxEnabled":true},"in2DMode":false,"pivot":{"x":-3.436455249786377,"y":0.5553128719329834,"z":-10.431903839111329},"rotation":{"x":0.11906033009290695,"y":0.5858752727508545,"z":-0.07453751564025879,"w":0.7983123064041138},"size":1.6529574394226075,"orthographic":false}