{"cameraMode":{"drawMode":0,"name":"Shaded","section":"Shading Mode"},"sceneLighting":true,"audioPlay":false,"sceneViewState":{"m_AlwaysRefresh":false,"showFog":true,"showSkybox":false,"showFlares":true,"showImageEffects":true,"showParticleSystems":true,"showVisualEffectGraphs":true,"m_FxEnabled":true},"in2DMode":false,"pivot":{"x":-13.1096773147583,"y":-7.360218048095703,"z":171.26263427734376},"rotation":{"x":-0.035790588706731799,"y":-0.02569877915084362,"z":0.0009170857956632972,"w":-0.9990347027778626},"size":89.41376495361328,"orthographic":false}