{"cameraMode":{"drawMode":0,"name":"Shaded","section":"Shading Mode"},"sceneLighting":true,"audioPlay":false,"sceneViewState":{"m_AlwaysRefresh":false,"showFog":true,"showSkybox":false,"showFlares":true,"showImageEffects":true,"showParticleSystems":true,"showVisualEffectGraphs":true,"m_FxEnabled":true},"in2DMode":false,"pivot":{"x":-21.38418197631836,"y":1.8990826606750489,"z":-30.768417358398439},"rotation":{"x":-0.0003222254745196551,"y":0.9244164228439331,"z":-0.38140231370925906,"w":-0.0007638069801032543},"size":3.4475507736206056,"orthographic":false}