{"cameraMode":{"drawMode":0,"name":"Shaded","section":"Shading Mode"},"sceneLighting":true,"audioPlay":false,"sceneViewState":{"m_AlwaysRefresh":false,"showFog":true,"showSkybox":false,"showFlares":true,"showImageEffects":true,"showParticleSystems":true,"showVisualEffectGraphs":true,"m_FxEnabled":true},"in2DMode":false,"pivot":{"x":15.598716735839844,"y":-13.092941284179688,"z":25.34613037109375},"rotation":{"x":0.36615216732025149,"y":0.13177257776260377,"z":-0.05240214988589287,"w":0.9197393655776978},"size":37.42512512207031,"orthographic":false}