{"cameraMode":{"drawMode":0,"name":"Shaded","section":"Shading Mode"},"sceneLighting":false,"audioPlay":false,"sceneViewState":{"m_AlwaysRefresh":false,"showFog":true,"showSkybox":false,"showFlares":true,"showImageEffects":true,"showParticleSystems":true,"showVisualEffectGraphs":true,"m_FxEnabled":true},"in2DMode":false,"pivot":{"x":0.0061511993408203129,"y":0.01386144757270813,"z":0.022043228149414064},"rotation":{"x":0.13352157175540925,"y":-0.14562319219112397,"z":0.019832419231534005,"w":0.9801012873649597},"size":1.7523266077041627,"orthographic":false}