{"cameraMode":{"drawMode":0,"name":"Shaded","section":"Shading Mode"},"sceneLighting":true,"audioPlay":false,"sceneViewState":{"m_AlwaysRefresh":false,"showFog":true,"showSkybox":false,"showFlares":true,"showImageEffects":true,"showParticleSystems":true,"showVisualEffectGraphs":true,"m_FxEnabled":true},"in2DMode":false,"pivot":{"x":18.2265567779541,"y":1.9990887641906739,"z":-22.648916244506837},"rotation":{"x":0.006766318343579769,"y":-0.9851353764533997,"z":0.17133168876171113,"w":0.03691224008798599},"size":2.9350199699401857,"orthographic":false}