{"cameraMode":{"drawMode":0,"name":"Shaded","section":"Shading Mode"},"sceneLighting":false,"audioPlay":false,"sceneViewState":{"m_AlwaysRefresh":false,"showFog":true,"showSkybox":false,"showFlares":true,"showImageEffects":true,"showParticleSystems":true,"showVisualEffectGraphs":true,"m_FxEnabled":true},"in2DMode":false,"pivot":{"x":-8.875462532043457,"y":-1.8386410474777222,"z":6.767944812774658},"rotation":{"x":0.015928031876683236,"y":-0.9835611581802368,"z":0.15043942630290986,"w":0.10238796472549439},"size":0.2650473117828369,"orthographic":false}