{"cameraMode":{"drawMode":0,"name":"Shaded","section":"Shading Mode"},"sceneLighting":true,"audioPlay":false,"sceneViewState":{"m_AlwaysRefresh":false,"showFog":true,"showSkybox":false,"showFlares":true,"showImageEffects":true,"showParticleSystems":true,"showVisualEffectGraphs":true,"m_FxEnabled":true},"in2DMode":false,"pivot":{"x":29.777847290039064,"y":23.217376708984376,"z":32.80699920654297},"rotation":{"x":0.09010696411132813,"y":0.9097855687141419,"z":-0.2757954001426697,"w":0.29694461822509768},"size":71.50698852539063,"orthographic":false}