{"cameraMode":{"drawMode":0,"name":"Shaded","section":"Shading Mode"},"sceneLighting":false,"audioPlay":false,"sceneViewState":{"m_AlwaysRefresh":false,"showFog":true,"showSkybox":false,"showFlares":true,"showImageEffects":true,"showParticleSystems":true,"showVisualEffectGraphs":true,"m_FxEnabled":true},"in2DMode":false,"pivot":{"x":-3.74432635307312,"y":0.9274393320083618,"z":-24.526865005493165},"rotation":{"x":-0.22232812643051148,"y":-0.0542338564991951,"z":0.0016593472100794316,"w":-0.9735972285270691},"size":1.1793264150619507,"orthographic":false}