{"cameraMode":{"drawMode":0,"name":"Shaded","section":"Shading Mode"},"sceneLighting":true,"audioPlay":false,"sceneViewState":{"m_AlwaysRefresh":false,"showFog":true,"showSkybox":false,"showFlares":true,"showImageEffects":true,"showParticleSystems":true,"showVisualEffectGraphs":true,"m_FxEnabled":true},"in2DMode":false,"pivot":{"x":-7.708569526672363,"y":14.397407531738282,"z":0.01363372802734375},"rotation":{"x":-0.31666243076324465,"y":-0.019744539633393289,"z":0.006459138356149197,"w":-0.9483513832092285},"size":67.28221893310547,"orthographic":false}