{"cameraMode":{"drawMode":0,"name":"Shaded","section":"Shading Mode"},"sceneLighting":true,"audioPlay":false,"sceneViewState":{"m_AlwaysRefresh":false,"showFog":true,"showSkybox":false,"showFlares":true,"showImageEffects":true,"showParticleSystems":true,"showVisualEffectGraphs":true,"m_FxEnabled":true},"in2DMode":false,"pivot":{"x":-19.22978401184082,"y":-57.769859313964847,"z":-2.5403740406036379},"rotation":{"x":-0.23229622840881349,"y":-0.26861903071403506,"z":0.06763120740652085,"w":-0.9330487251281738},"size":0.8660253882408142,"orthographic":false}