{"cameraMode":{"drawMode":0,"name":"Shaded","section":"Shading Mode"},"sceneLighting":false,"audioPlay":false,"sceneViewState":{"m_AlwaysRefresh":false,"showFog":true,"showSkybox":false,"showFlares":true,"showImageEffects":true,"showParticleSystems":true,"showVisualEffectGraphs":true,"m_FxEnabled":true},"in2DMode":false,"pivot":{"x":0.25239014625549319,"y":-0.011414885520935059,"z":0.16234582662582398},"rotation":{"x":-0.41012802720069888,"y":0.22265195846557618,"z":-0.10257766395807266,"w":-0.8791530728340149},"size":0.9797959327697754,"orthographic":false}