{"cameraMode":{"drawMode":0,"name":"Shaded","section":"Shading Mode"},"sceneLighting":true,"audioPlay":false,"sceneViewState":{"m_AlwaysRefresh":false,"showFog":true,"showSkybox":false,"showFlares":true,"showImageEffects":true,"showParticleSystems":true,"showVisualEffectGraphs":true,"m_FxEnabled":true},"in2DMode":false,"pivot":{"x":-2.4124550819396974,"y":89.14610290527344,"z":90.09574890136719},"rotation":{"x":-0.15671969950199128,"y":0.07310783863067627,"z":-0.011626998893916607,"w":-0.9848929047584534},"size":11.488648414611817,"orthographic":true}