{"cameraMode":{"drawMode":0,"name":"Shaded","section":"Shading Mode"},"sceneLighting":true,"audioPlay":false,"sceneViewState":{"m_AlwaysRefresh":false,"showFog":true,"showSkybox":false,"showFlares":true,"showImageEffects":true,"showParticleSystems":true,"showVisualEffectGraphs":true,"m_FxEnabled":true},"in2DMode":false,"pivot":{"x":4.682435512542725,"y":89.09622955322266,"z":91.09304809570313},"rotation":{"x":-0.38876962661743166,"y":-0.007743950001895428,"z":0.0032739276066422464,"w":-0.9213236570358276},"size":33.127708435058597,"orthographic":true}