{"cameraMode":{"drawMode":0,"name":"Shaded","section":"Shading Mode"},"sceneLighting":true,"audioPlay":false,"sceneViewState":{"m_AlwaysRefresh":false,"showFog":true,"showSkybox":false,"showFlares":true,"showImageEffects":true,"showParticleSystems":true,"showVisualEffectGraphs":true,"m_FxEnabled":true},"in2DMode":false,"pivot":{"x":3.5426063537597658,"y":82.96139526367188,"z":96.1810531616211},"rotation":{"x":-0.4401554763317108,"y":-0.0011947109596803785,"z":0.00045963237062096596,"w":-0.8979383111000061},"size":86.67704010009766,"orthographic":false}