{"cameraMode":{"drawMode":0,"name":"Shaded","section":"Shading Mode"},"sceneLighting":true,"audioPlay":false,"sceneViewState":{"m_AlwaysRefresh":false,"showFog":true,"showSkybox":false,"showFlares":true,"showImageEffects":true,"showParticleSystems":true,"showVisualEffectGraphs":true,"m_FxEnabled":true},"in2DMode":false,"pivot":{"x":16.201650619506837,"y":71.73283386230469,"z":80.65011596679688},"rotation":{"x":-0.38876962661743166,"y":-0.007743950001895428,"z":0.0032739276066422464,"w":-0.9213236570358276},"size":27.712066650390626,"orthographic":true}