{"cameraMode":{"drawMode":0,"name":"Shaded","section":"Shading Mode"},"sceneLighting":false,"audioPlay":false,"sceneViewState":{"m_AlwaysRefresh":false,"showFog":true,"showSkybox":false,"showFlares":true,"showImageEffects":true,"showParticleSystems":true,"showVisualEffectGraphs":true,"m_FxEnabled":true},"in2DMode":false,"pivot":{"x":-42.93433380126953,"y":15.107625007629395,"z":34.87262725830078},"rotation":{"x":0.2685222029685974,"y":0.01685546338558197,"z":-0.004703718703240156,"w":0.9631270170211792},"size":1.3240107297897339,"orthographic":false}