{"cameraMode":{"drawMode":0,"name":"Shaded","section":"Shading Mode"},"sceneLighting":true,"audioPlay":false,"sceneViewState":{"m_AlwaysRefresh":false,"showFog":true,"showSkybox":false,"showFlares":true,"showImageEffects":true,"showParticleSystems":true,"showVisualEffectGraphs":true,"m_FxEnabled":true},"in2DMode":false,"pivot":{"x":0.2311248779296875,"y":4.884344100952148,"z":-3.6605186462402345},"rotation":{"x":-0.001544684055261314,"y":-0.8711898922920227,"z":0.4921380281448364,"w":-0.004988399334251881},"size":109.11570739746094,"orthographic":false}