{"cameraMode":{"drawMode":0,"name":"Shaded","section":"Shading Mode"},"sceneLighting":false,"audioPlay":false,"sceneViewState":{"m_AlwaysRefresh":false,"showFog":true,"showSkybox":false,"showFlares":true,"showImageEffects":true,"showParticleSystems":true,"showVisualEffectGraphs":true,"m_FxEnabled":true},"in2DMode":false,"pivot":{"x":-4.470348358154297e-8,"y":0.29495227336883547,"z":-8.195638656616211e-8},"rotation":{"x":0.03207235783338547,"y":-0.9304916858673096,"z":0.3551104664802551,"w":0.08436910063028336},"size":0.34087103605270388,"orthographic":true}