{"cameraMode":{"drawMode":0,"name":"Shaded","section":"Shading Mode"},"sceneLighting":true,"audioPlay":false,"sceneViewState":{"m_AlwaysRefresh":false,"showFog":true,"showSkybox":false,"showFlares":true,"showImageEffects":true,"showParticleSystems":true,"showVisualEffectGraphs":true,"m_FxEnabled":true},"in2DMode":false,"pivot":{"x":173.15823364257813,"y":65.21040344238281,"z":393.8539123535156},"rotation":{"x":0.005562047008424997,"y":0.13672883808612824,"z":-0.0014689175877720118,"w":0.9912052154541016},"size":78.68206787109375,"orthographic":false}