{"cameraMode":{"drawMode":0,"name":"Shaded","section":"Shading Mode"},"sceneLighting":true,"audioPlay":false,"sceneViewState":{"m_AlwaysRefresh":false,"showFog":true,"showSkybox":false,"showFlares":true,"showImageEffects":true,"showParticleSystems":true,"showVisualEffectGraphs":true,"m_FxEnabled":true},"in2DMode":false,"pivot":{"x":4.077468395233154,"y":123.58894348144531,"z":33.853755950927737},"rotation":{"x":-0.46584823727607729,"y":0.016677912324666978,"z":-0.005712589714676142,"w":-0.8855879902839661},"size":3.736567258834839,"orthographic":false}