{"cameraMode":{"drawMode":0,"name":"Shaded","section":"Shading Mode"},"sceneLighting":false,"audioPlay":false,"sceneViewState":{"m_AlwaysRefresh":false,"showFog":true,"showSkybox":false,"showFlares":true,"showImageEffects":true,"showParticleSystems":true,"showVisualEffectGraphs":true,"m_FxEnabled":true},"in2DMode":false,"pivot":{"x":0.06370353698730469,"y":0.025279760360717775,"z":-0.015171289443969727},"rotation":{"x":0.09327764809131623,"y":-0.29743537306785586,"z":0.029205577448010446,"w":0.9497394561767578},"size":2.215824604034424,"orthographic":false}