{"cameraMode":{"drawMode":0,"name":"Shaded","section":"Shading Mode"},"sceneLighting":false,"audioPlay":false,"sceneViewState":{"m_AlwaysRefresh":false,"showFog":true,"showSkybox":false,"showFlares":true,"showImageEffects":true,"showParticleSystems":true,"showVisualEffectGraphs":true,"m_FxEnabled":true},"in2DMode":false,"pivot":{"x":-0.047396302223205569,"y":-1.3377995491027833,"z":0.06661105155944824},"rotation":{"x":-0.4401554763317108,"y":-0.0011947109596803785,"z":0.00045963237062096596,"w":-0.8979383111000061},"size":4.533970355987549,"orthographic":false}