{"cameraMode":{"drawMode":0,"name":"Shaded","section":"Shading Mode"},"sceneLighting":false,"audioPlay":false,"sceneViewState":{"m_AlwaysRefresh":false,"showFog":true,"showSkybox":false,"showFlares":true,"showImageEffects":true,"showParticleSystems":true,"showVisualEffectGraphs":true,"m_FxEnabled":true},"in2DMode":false,"pivot":{"x":0.8131644129753113,"y":0.991368293762207,"z":-0.6071885228157044},"rotation":{"x":0.20590324699878694,"y":-0.5853421688079834,"z":0.15533468127250672,"w":0.7694749236106873},"size":0.3714973032474518,"orthographic":false}