{"cameraMode":{"drawMode":0,"name":"Shaded","section":"Shading Mode"},"sceneLighting":true,"audioPlay":false,"sceneViewState":{"m_AlwaysRefresh":false,"showFog":true,"showSkybox":false,"showFlares":true,"showImageEffects":true,"showParticleSystems":true,"showVisualEffectGraphs":true,"m_FxEnabled":true},"in2DMode":false,"pivot":{"x":-1.658297061920166,"y":72.17986297607422,"z":119.40270233154297},"rotation":{"x":-0.16212910413742066,"y":0.06971058994531632,"z":-0.011591617949306965,"w":-0.9842548966407776},"size":17.025754928588868,"orthographic":false}