{"cameraMode":{"drawMode":0,"name":"Shaded","section":"Shading Mode"},"sceneLighting":false,"audioPlay":false,"sceneViewState":{"m_AlwaysRefresh":false,"showFog":true,"showSkybox":false,"showFlares":true,"showImageEffects":true,"showParticleSystems":true,"showVisualEffectGraphs":true,"m_FxEnabled":true},"in2DMode":false,"pivot":{"x":2.931659460067749,"y":6.450145721435547,"z":0.051806867122650149},"rotation":{"x":0.2685222029685974,"y":0.01685546338558197,"z":-0.004703718703240156,"w":0.9631270170211792},"size":0.8813626766204834,"orthographic":false}