{"cameraMode":{"drawMode":0,"name":"Shaded","section":"Shading Mode"},"sceneLighting":false,"audioPlay":false,"sceneViewState":{"m_AlwaysRefresh":false,"showFog":true,"showSkybox":false,"showFlares":true,"showImageEffects":true,"showParticleSystems":true,"showVisualEffectGraphs":true,"m_FxEnabled":true},"in2DMode":false,"pivot":{"x":-0.16216731071472169,"y":-49.29254150390625,"z":43.18370056152344},"rotation":{"x":0.393146276473999,"y":-0.013792015612125397,"z":0.005897624418139458,"w":0.9193570017814636},"size":81.96437072753906,"orthographic":false}