{"cameraMode":{"drawMode":0,"name":"Shaded","section":"Shading Mode"},"sceneLighting":false,"audioPlay":false,"sceneViewState":{"m_AlwaysRefresh":false,"showFog":true,"showSkybox":false,"showFlares":true,"showImageEffects":true,"showParticleSystems":true,"showVisualEffectGraphs":true,"m_FxEnabled":true},"in2DMode":false,"pivot":{"x":-0.0016279220581054688,"y":-0.026364000514149667,"z":0.0046329498291015629},"rotation":{"x":-0.02274155803024769,"y":-0.011924074031412602,"z":-0.0001354436099063605,"w":0.9996897578239441},"size":6.117593765258789,"orthographic":false}