{"cameraMode":{"drawMode":0,"name":"Shaded","section":"Shading Mode"},"sceneLighting":true,"audioPlay":false,"sceneViewState":{"m_AlwaysRefresh":false,"showFog":true,"showSkybox":false,"showFlares":true,"showImageEffects":true,"showParticleSystems":true,"showVisualEffectGraphs":true,"m_FxEnabled":true},"in2DMode":false,"pivot":{"x":-1.1985172033309937,"y":83.80812072753906,"z":105.81106567382813},"rotation":{"x":0.15535451471805573,"y":-0.6710389852523804,"z":0.1468067169189453,"w":0.7100054621696472},"size":19.344310760498048,"orthographic":true}