{"cameraMode":{"drawMode":0,"name":"Shaded","section":"Shading Mode"},"sceneLighting":true,"audioPlay":false,"sceneViewState":{"m_AlwaysRefresh":false,"showFog":true,"showSkybox":false,"showFlares":true,"showImageEffects":true,"showParticleSystems":true,"showVisualEffectGraphs":true,"m_FxEnabled":true},"in2DMode":false,"pivot":{"x":3.1219332218170168,"y":80.2506103515625,"z":99.93759155273438},"rotation":{"x":-0.004106148611754179,"y":-0.9842255711555481,"z":0.17543858289718629,"w":-0.023024318739771844},"size":18.111745834350587,"orthographic":true}