{"cameraMode":{"drawMode":0,"name":"Shaded","section":"Shading Mode"},"sceneLighting":true,"audioPlay":false,"sceneViewState":{"m_AlwaysRefresh":false,"showFog":true,"showSkybox":false,"showFlares":true,"showImageEffects":true,"showParticleSystems":true,"showVisualEffectGraphs":true,"m_FxEnabled":true},"in2DMode":false,"pivot":{"x":12.100958824157715,"y":110.04026794433594,"z":120.07101440429688},"rotation":{"x":0.03970585763454437,"y":-0.8518286347389221,"z":0.5196331143379211,"w":0.06635178625583649},"size":0.8976883888244629,"orthographic":false}