{"cameraMode":{"drawMode":0,"name":"Shaded","section":"Shading Mode"},"sceneLighting":true,"audioPlay":false,"sceneViewState":{"m_AlwaysRefresh":false,"showFog":true,"showSkybox":false,"showFlares":true,"showImageEffects":true,"showParticleSystems":true,"showVisualEffectGraphs":true,"m_FxEnabled":true},"in2DMode":false,"pivot":{"x":2.287018299102783,"y":91.6707534790039,"z":75.89363861083985},"rotation":{"x":0.12381626665592194,"y":-0.03301945701241493,"z":0.004188796505331993,"w":0.9918124675750732},"size":14.723408699035645,"orthographic":true}