{"cameraMode":{"drawMode":0,"name":"Shaded","section":"Shading Mode"},"sceneLighting":true,"audioPlay":false,"sceneViewState":{"m_AlwaysRefresh":false,"showFog":true,"showSkybox":false,"showFlares":true,"showImageEffects":true,"showParticleSystems":true,"showVisualEffectGraphs":true,"m_FxEnabled":true},"in2DMode":false,"pivot":{"x":17.061580657958986,"y":77.49385833740235,"z":96.13945770263672},"rotation":{"x":0.04953286051750183,"y":0.8918620347976685,"z":-0.43939775228500368,"w":0.10180620849132538},"size":25.108877182006837,"orthographic":true}