{"cameraMode":{"drawMode":0,"name":"Shaded","section":"Shading Mode"},"sceneLighting":true,"audioPlay":false,"sceneViewState":{"m_AlwaysRefresh":false,"showFog":true,"showSkybox":false,"showFlares":true,"showImageEffects":true,"showParticleSystems":true,"showVisualEffectGraphs":true,"m_FxEnabled":true},"in2DMode":false,"pivot":{"x":-1.1985172033309937,"y":83.80812072753906,"z":105.81106567382813},"rotation":{"x":0.0029896358028054239,"y":0.9911504983901978,"z":-0.13098973035812379,"w":0.022600818425416948},"size":9.574597358703614,"orthographic":true}