{"cameraMode":{"drawMode":0,"name":"Shaded","section":"Shading Mode"},"sceneLighting":true,"audioPlay":false,"sceneViewState":{"m_AlwaysRefresh":false,"showFog":true,"showSkybox":false,"showFlares":true,"showImageEffects":true,"showParticleSystems":true,"showVisualEffectGraphs":true,"m_FxEnabled":true},"in2DMode":false,"pivot":{"x":2.287018299102783,"y":91.6707534790039,"z":75.89363861083985},"rotation":{"x":0.46419456601142886,"y":-0.004209462553262711,"z":0.002282645320519805,"w":0.8857919573783875},"size":22.739521026611329,"orthographic":true}