{"cameraMode":{"drawMode":0,"name":"Shaded","section":"Shading Mode"},"sceneLighting":false,"audioPlay":false,"sceneViewState":{"m_AlwaysRefresh":false,"showFog":true,"showSkybox":false,"showFlares":true,"showImageEffects":true,"showParticleSystems":true,"showVisualEffectGraphs":true,"m_FxEnabled":true},"in2DMode":false,"pivot":{"x":-3.2477197647094728,"y":0.3097366690635681,"z":-10.202691078186036},"rotation":{"x":0.16446878015995027,"y":-0.45291560888290408,"z":0.08540946245193482,"w":0.8720958828926086},"size":0.9305306077003479,"orthographic":false}