{"cameraMode":{"drawMode":0,"name":"Shaded","section":"Shading Mode"},"sceneLighting":true,"audioPlay":false,"sceneViewState":{"m_AlwaysRefresh":false,"showFog":true,"showSkybox":false,"showFlares":true,"showImageEffects":true,"showParticleSystems":true,"showVisualEffectGraphs":true,"m_FxEnabled":true},"in2DMode":false,"pivot":{"x":15.425363540649414,"y":-50.39363098144531,"z":-10.791243553161621},"rotation":{"x":0.001242876285687089,"y":0.8834837079048157,"z":-0.46977680921554568,"w":0.0037629231810569765},"size":116.69683837890625,"orthographic":false}