{"cameraMode":{"drawMode":0,"name":"Shaded","section":"Shading Mode"},"sceneLighting":true,"audioPlay":false,"sceneViewState":{"m_AlwaysRefresh":false,"showFog":true,"showSkybox":false,"showFlares":true,"showImageEffects":true,"showParticleSystems":true,"showVisualEffectGraphs":true,"m_FxEnabled":true},"in2DMode":false,"pivot":{"x":58.27619171142578,"y":2.4142251014709474,"z":22.652708053588868},"rotation":{"x":0.0372016616165638,"y":0.7771571278572083,"z":-0.046147070825099948,"w":0.6265138387680054},"size":15.819971084594727,"orthographic":false}