{"cameraMode":{"drawMode":0,"name":"Shaded","section":"Shading Mode"},"sceneLighting":true,"audioPlay":false,"sceneViewState":{"m_AlwaysRefresh":false,"showFog":true,"showSkybox":false,"showFlares":true,"showImageEffects":true,"showParticleSystems":true,"showVisualEffectGraphs":true,"m_FxEnabled":true},"in2DMode":false,"pivot":{"x":0.2311248779296875,"y":4.884344100952148,"z":-0.46001434326171877},"rotation":{"x":-0.07765921950340271,"y":-0.02969115972518921,"z":0.0021858473774045707,"w":-0.9965742230415344},"size":68.85269165039063,"orthographic":false}