{"cameraMode":{"drawMode":0,"name":"Shaded","section":"Shading Mode"},"sceneLighting":false,"audioPlay":false,"sceneViewState":{"m_AlwaysRefresh":false,"showFog":true,"showSkybox":false,"showFlares":true,"showImageEffects":true,"showParticleSystems":true,"showVisualEffectGraphs":true,"m_FxEnabled":true},"in2DMode":false,"pivot":{"x":171.6115264892578,"y":120.35631561279297,"z":-80.15912628173828},"rotation":{"x":-0.18525169789791108,"y":-0.007048595696687698,"z":0.0012677395716309548,"w":-0.982787549495697},"size":70.71067810058594,"orthographic":false}