{"cameraMode":{"drawMode":0,"name":"Shaded","section":"Shading Mode"},"sceneLighting":false,"audioPlay":false,"sceneViewState":{"m_AlwaysRefresh":false,"showFog":true,"showSkybox":false,"showFlares":true,"showImageEffects":true,"showParticleSystems":true,"showVisualEffectGraphs":true,"m_FxEnabled":true},"in2DMode":false,"pivot":{"x":-1.7885043621063233,"y":4.395224094390869,"z":-22.544504165649415},"rotation":{"x":0.24401214718818665,"y":0.22961431741714478,"z":-0.059588994830846789,"w":0.9403263926506043},"size":3.7520411014556886,"orthographic":false}