{"cameraMode":{"drawMode":0,"name":"Shaded","section":"Shading Mode"},"sceneLighting":false,"audioPlay":false,"sceneViewState":{"m_AlwaysRefresh":false,"showFog":true,"showSkybox":false,"showFlares":true,"showImageEffects":true,"showParticleSystems":true,"showVisualEffectGraphs":true,"m_FxEnabled":true},"in2DMode":false,"pivot":{"x":-3.0080904960632326,"y":2.2214555740356447,"z":9.440113067626954},"rotation":{"x":0.027753815054893495,"y":0.9024166464805603,"z":-0.034458983689546588,"w":0.4289171099662781},"size":6.401659965515137,"orthographic":false}