{"cameraMode":{"drawMode":0,"name":"Shaded","section":"Shading Mode"},"sceneLighting":true,"audioPlay":false,"sceneViewState":{"m_AlwaysRefresh":false,"showFog":true,"showSkybox":false,"showFlares":true,"showImageEffects":true,"showParticleSystems":true,"showVisualEffectGraphs":true,"m_FxEnabled":true},"in2DMode":false,"pivot":{"x":2.100332260131836,"y":82.46955871582031,"z":87.93539428710938},"rotation":{"x":0.11415353417396546,"y":0.00010052637662738562,"z":0.0000020319594113971108,"w":0.9934914112091065},"size":11.798876762390137,"orthographic":true}