{"cameraMode":{"drawMode":0,"name":"Shaded","section":"Shading Mode"},"sceneLighting":true,"audioPlay":false,"sceneViewState":{"m_AlwaysRefresh":false,"showFog":true,"showSkybox":false,"showFlares":true,"showImageEffects":true,"showParticleSystems":true,"showVisualEffectGraphs":true,"m_FxEnabled":true},"in2DMode":false,"pivot":{"x":2.100332260131836,"y":82.46955871582031,"z":87.93539428710938},"rotation":{"x":0.036026373505592349,"y":-0.6748976707458496,"z":0.03303755819797516,"w":0.7363224625587463},"size":16.860397338867189,"orthographic":true}