{"cameraMode":{"drawMode":0,"name":"Shaded","section":"Shading Mode"},"sceneLighting":false,"audioPlay":false,"sceneViewState":{"m_AlwaysRefresh":false,"showFog":true,"showSkybox":false,"showFlares":true,"showImageEffects":true,"showParticleSystems":true,"showVisualEffectGraphs":true,"m_FxEnabled":true},"in2DMode":false,"pivot":{"x":-8.57552433013916,"y":-1.8167519569396973,"z":11.849038124084473},"rotation":{"x":0.2685222029685974,"y":0.01685546338558197,"z":-0.004703718703240156,"w":0.9631270170211792},"size":1.2502106428146363,"orthographic":false}