{"cameraMode":{"drawMode":0,"name":"Shaded","section":"Shading Mode"},"sceneLighting":false,"audioPlay":false,"sceneViewState":{"m_AlwaysRefresh":false,"showFog":true,"showSkybox":false,"showFlares":true,"showImageEffects":true,"showParticleSystems":true,"showVisualEffectGraphs":true,"m_FxEnabled":true},"in2DMode":false,"pivot":{"x":-5.513429641723633e-7,"y":0.08387123048305512,"z":-2.384185791015625e-7},"rotation":{"x":-0.04825080558657646,"y":0.9509817957878113,"z":-0.2340204119682312,"w":-0.19653818011283875},"size":0.9659544825553894,"orthographic":true}