{"cameraMode":{"drawMode":0,"name":"Shaded","section":"Shading Mode"},"sceneLighting":false,"audioPlay":false,"sceneViewState":{"m_AlwaysRefresh":false,"showFog":true,"showSkybox":false,"showFlares":true,"showImageEffects":true,"showParticleSystems":true,"showVisualEffectGraphs":true,"m_FxEnabled":true},"in2DMode":false,"pivot":{"x":0.042270660400390628,"y":-41.064552307128909,"z":-67.19952392578125},"rotation":{"x":0.0914435014128685,"y":0.895099401473999,"z":-0.21664197742938996,"w":0.3806166350841522},"size":147.56182861328126,"orthographic":false}