{"cameraMode":{"drawMode":0,"name":"Shaded","section":"Shading Mode"},"sceneLighting":true,"audioPlay":false,"sceneViewState":{"m_AlwaysRefresh":false,"showFog":true,"showSkybox":false,"showFlares":true,"showImageEffects":true,"showParticleSystems":true,"showVisualEffectGraphs":true,"m_FxEnabled":true},"in2DMode":false,"pivot":{"x":3.2233505249023439,"y":82.96139526367188,"z":96.04730987548828},"rotation":{"x":-0.001544684055261314,"y":-0.8711898922920227,"z":0.4921380281448364,"w":-0.004988399334251881},"size":33.97983169555664,"orthographic":false}