{"cameraMode":{"drawMode":0,"name":"Shaded","section":"Shading Mode"},"sceneLighting":true,"audioPlay":false,"sceneViewState":{"m_AlwaysRefresh":false,"showFog":true,"showSkybox":false,"showFlares":true,"showImageEffects":true,"showParticleSystems":true,"showVisualEffectGraphs":true,"m_FxEnabled":true},"in2DMode":false,"pivot":{"x":-0.4352288246154785,"y":-19.363739013671876,"z":217.53805541992188},"rotation":{"x":0.3176509439945221,"y":-0.028440678492188455,"z":0.009532378986477852,"w":0.9477441906929016},"size":130.0010223388672,"orthographic":false}