{"cameraMode":{"drawMode":0,"name":"Shaded","section":"Shading Mode"},"sceneLighting":true,"audioPlay":false,"sceneViewState":{"m_AlwaysRefresh":false,"showFog":true,"showSkybox":false,"showFlares":true,"showImageEffects":true,"showParticleSystems":true,"showVisualEffectGraphs":true,"m_FxEnabled":true},"in2DMode":false,"pivot":{"x":5.778553009033203,"y":-27.08244514465332,"z":172.23507690429688},"rotation":{"x":0.381015807390213,"y":0.005547221750020981,"z":-0.0022869978565722706,"w":0.9245592951774597},"size":95.91651916503906,"orthographic":false}