{"cameraMode":{"drawMode":0,"name":"Shaded","section":"Shading Mode"},"sceneLighting":false,"audioPlay":false,"sceneViewState":{"m_AlwaysRefresh":false,"showFog":true,"showSkybox":false,"showFlares":true,"showImageEffects":true,"showParticleSystems":true,"showVisualEffectGraphs":true,"m_FxEnabled":true},"in2DMode":false,"pivot":{"x":-33.64461898803711,"y":12.230031967163086,"z":3.6201210021972658},"rotation":{"x":-0.15418359637260438,"y":0.0065145837143063549,"z":-0.0010104195680469275,"w":-0.988048255443573},"size":4.217886924743652,"orthographic":true}