{"cameraMode":{"drawMode":0,"name":"Shaded","section":"Shading Mode"},"sceneLighting":false,"audioPlay":false,"sceneViewState":{"m_AlwaysRefresh":false,"showFog":true,"showSkybox":false,"showFlares":true,"showImageEffects":true,"showParticleSystems":true,"showVisualEffectGraphs":true,"m_FxEnabled":true},"in2DMode":false,"pivot":{"x":-0.38433170318603518,"y":1.2440698146820069,"z":0.8570371866226196},"rotation":{"x":-0.09710314124822617,"y":-0.2010100781917572,"z":0.02002561092376709,"w":-0.9745649695396423},"size":2.3884265422821047,"orthographic":false}