{"cameraMode":{"drawMode":0,"name":"Shaded","section":"Shading Mode"},"sceneLighting":true,"audioPlay":false,"sceneViewState":{"m_AlwaysRefresh":false,"showFog":true,"showSkybox":false,"showFlares":true,"showImageEffects":true,"showParticleSystems":true,"showVisualEffectGraphs":true,"m_FxEnabled":true},"in2DMode":false,"pivot":{"x":26.5419979095459,"y":10.890546798706055,"z":215.09793090820313},"rotation":{"x":0.30121076107025149,"y":0.014876127243041993,"z":-0.004699925426393747,"w":0.953432023525238},"size":95.34806823730469,"orthographic":false}