{"cameraMode":{"drawMode":0,"name":"Shaded","section":"Shading Mode"},"sceneLighting":true,"audioPlay":false,"sceneViewState":{"m_AlwaysRefresh":false,"showFog":true,"showSkybox":false,"showFlares":true,"showImageEffects":true,"showParticleSystems":true,"showVisualEffectGraphs":true,"m_FxEnabled":true},"in2DMode":false,"pivot":{"x":18.311182022094728,"y":102.24598693847656,"z":162.0221405029297},"rotation":{"x":0.008662289008498192,"y":0.9810883402824402,"z":-0.19045497477054597,"w":0.048287373036146167},"size":2.0243165493011476,"orthographic":false}