{"cameraMode":{"drawMode":0,"name":"Shaded","section":"Shading Mode"},"sceneLighting":true,"audioPlay":false,"sceneViewState":{"m_AlwaysRefresh":false,"showFog":true,"showSkybox":false,"showFlares":true,"showImageEffects":true,"showParticleSystems":true,"showVisualEffectGraphs":true,"m_FxEnabled":true},"in2DMode":false,"pivot":{"x":-0.2413109540939331,"y":60.279842376708987,"z":108.03939056396485},"rotation":{"x":0.2361905723810196,"y":0.020988497883081437,"z":-0.005103198811411858,"w":0.9714683890342712},"size":39.026039123535159,"orthographic":false}