{"cameraMode":{"drawMode":0,"name":"Shaded","section":"Shading Mode"},"sceneLighting":true,"audioPlay":false,"sceneViewState":{"m_AlwaysRefresh":false,"showFog":true,"showSkybox":false,"showFlares":true,"showImageEffects":true,"showParticleSystems":true,"showVisualEffectGraphs":true,"m_FxEnabled":true},"in2DMode":false,"pivot":{"x":25.453866958618165,"y":70.37852478027344,"z":111.04214477539063},"rotation":{"x":0.17158745229244233,"y":0.025711238384246827,"z":-0.00448010815307498,"w":0.9848242998123169},"size":51.96800231933594,"orthographic":false}