{"cameraMode":{"drawMode":0,"name":"Shaded","section":"Shading Mode"},"sceneLighting":true,"audioPlay":false,"sceneViewState":{"m_AlwaysRefresh":false,"showFog":true,"showSkybox":false,"showFlares":true,"showImageEffects":true,"showParticleSystems":true,"showVisualEffectGraphs":true,"m_FxEnabled":true},"in2DMode":false,"pivot":{"x":-1.3908143043518067,"y":7.857991695404053,"z":-1.7201569080352784},"rotation":{"x":-0.5080068707466126,"y":-0.005807763431221247,"z":0.003293301910161972,"w":-0.8613595962524414},"size":8.524222373962403,"orthographic":true}