{"cameraMode":{"drawMode":0,"name":"Shaded","section":"Shading Mode"},"sceneLighting":true,"audioPlay":false,"sceneViewState":{"m_AlwaysRefresh":false,"showFog":true,"showSkybox":false,"showFlares":true,"showImageEffects":true,"showParticleSystems":true,"showVisualEffectGraphs":true,"m_FxEnabled":true},"in2DMode":false,"pivot":{"x":-1.3513493537902833,"y":5.138487815856934,"z":-6.924405097961426},"rotation":{"x":-0.2262987196445465,"y":-0.028440535068511964,"z":0.006493043154478073,"w":-0.9736502170562744},"size":33.819786071777347,"orthographic":true}