{"cameraMode":{"drawMode":0,"name":"Shaded","section":"Shading Mode"},"sceneLighting":false,"audioPlay":false,"sceneViewState":{"m_AlwaysRefresh":false,"showFog":true,"showSkybox":false,"showFlares":true,"showImageEffects":true,"showParticleSystems":true,"showVisualEffectGraphs":true,"m_FxEnabled":true},"in2DMode":false,"pivot":{"x":-0.04201698303222656,"y":-0.0552520751953125,"z":0.0240478515625},"rotation":{"x":0.2685222029685974,"y":0.01685546338558197,"z":-0.004703718703240156,"w":0.9631270170211792},"size":1.7602710723876954,"orthographic":false}