{"cameraMode":{"drawMode":0,"name":"Shaded","section":"Shading Mode"},"sceneLighting":true,"audioPlay":false,"sceneViewState":{"m_AlwaysRefresh":false,"showFog":true,"showSkybox":false,"showFlares":true,"showImageEffects":true,"showParticleSystems":true,"showVisualEffectGraphs":true,"m_FxEnabled":true},"in2DMode":false,"pivot":{"x":6.051678657531738,"y":63.194305419921878,"z":175.8474884033203},"rotation":{"x":0.1417180448770523,"y":-0.008032218553125859,"z":0.0011585872853174806,"w":0.9898991584777832},"size":103.41122436523438,"orthographic":false}