{"cameraMode":{"drawMode":0,"name":"Shaded","section":"Shading Mode"},"sceneLighting":true,"audioPlay":false,"sceneViewState":{"m_AlwaysRefresh":false,"showFog":true,"showSkybox":false,"showFlares":true,"showImageEffects":true,"showParticleSystems":true,"showVisualEffectGraphs":true,"m_FxEnabled":true},"in2DMode":false,"pivot":{"x":0.4748552739620209,"y":144.2791748046875,"z":34.43461990356445},"rotation":{"x":0.4965902864933014,"y":0.0471339076757431,"z":-0.028109494596719743,"w":0.8670069575309753},"size":15.856232643127442,"orthographic":false}