{"cameraMode":{"drawMode":0,"name":"Shaded","section":"Shading Mode"},"sceneLighting":false,"audioPlay":false,"sceneViewState":{"m_AlwaysRefresh":false,"showFog":true,"showSkybox":false,"showFlares":true,"showImageEffects":true,"showParticleSystems":true,"showVisualEffectGraphs":true,"m_FxEnabled":true},"in2DMode":false,"pivot":{"x":0.8792544603347778,"y":0.6745448112487793,"z":0.12132497876882553},"rotation":{"x":0.22826437652111054,"y":-0.628436267375946,"z":0.19862866401672364,"w":0.7174618244171143},"size":0.8660253882408142,"orthographic":false}