{"cameraMode":{"drawMode":0,"name":"Shaded","section":"Shading Mode"},"sceneLighting":false,"audioPlay":false,"sceneViewState":{"m_AlwaysRefresh":false,"showFog":true,"showSkybox":false,"showFlares":true,"showImageEffects":true,"showParticleSystems":true,"showVisualEffectGraphs":true,"m_FxEnabled":true},"in2DMode":false,"pivot":{"x":7.748603820800781e-7,"y":0.08387123048305512,"z":-5.960464477539063e-8},"rotation":{"x":-0.01823160983622074,"y":-0.9799962639808655,"z":0.16777396202087403,"w":-0.10585862398147583},"size":0.9885803461074829,"orthographic":true}