{"cameraMode":{"drawMode":0,"name":"Shaded","section":"Shading Mode"},"sceneLighting":false,"audioPlay":false,"sceneViewState":{"m_AlwaysRefresh":false,"showFog":true,"showSkybox":false,"showFlares":true,"showImageEffects":true,"showParticleSystems":true,"showVisualEffectGraphs":true,"m_FxEnabled":true},"in2DMode":false,"pivot":{"x":7.748603820800781e-7,"y":0.08387123048305512,"z":-5.960464477539063e-8},"rotation":{"x":0.03207235783338547,"y":-0.9304916858673096,"z":0.3551104664802551,"w":0.08436910063028336},"size":0.9885803461074829,"orthographic":true}