{"cameraMode":{"drawMode":0,"name":"Shaded","section":"Shading Mode"},"sceneLighting":false,"audioPlay":false,"sceneViewState":{"m_AlwaysRefresh":false,"showFog":true,"showSkybox":false,"showFlares":true,"showImageEffects":true,"showParticleSystems":true,"showVisualEffectGraphs":true,"m_FxEnabled":true},"in2DMode":false,"pivot":{"x":14.604331970214844,"y":-77.83601379394531,"z":8.984643936157227},"rotation":{"x":0.000981743447482586,"y":-0.9898002743721008,"z":0.006829725578427315,"w":0.14230847358703614},"size":0.8731297850608826,"orthographic":true}