{"cameraMode":{"drawMode":0,"name":"Shaded","section":"Shading Mode"},"sceneLighting":false,"audioPlay":false,"sceneViewState":{"m_AlwaysRefresh":false,"showFog":true,"showSkybox":false,"showFlares":true,"showImageEffects":true,"showParticleSystems":true,"showVisualEffectGraphs":true,"m_FxEnabled":true},"in2DMode":false,"pivot":{"x":14.621280670166016,"y":-77.83235168457031,"z":8.999340057373047},"rotation":{"x":0.03777170181274414,"y":0.02460954524576664,"z":0.0009643015800975263,"w":-0.9990490674972534},"size":0.5439693927764893,"orthographic":false}