{"cameraMode":{"drawMode":0,"name":"Shaded","section":"Shading Mode"},"sceneLighting":false,"audioPlay":false,"sceneViewState":{"m_AlwaysRefresh":false,"showFog":true,"showSkybox":false,"showFlares":true,"showImageEffects":true,"showParticleSystems":true,"showVisualEffectGraphs":true,"m_FxEnabled":true},"in2DMode":false,"pivot":{"x":-3.2531144618988039,"y":0.2617359757423401,"z":-10.163331985473633},"rotation":{"x":0.14182353019714356,"y":0.7290764451026917,"z":-0.14235743880271913,"w":0.6544861793518066},"size":2.189910650253296,"orthographic":false}