{"cameraMode":{"drawMode":0,"name":"Shaded","section":"Shading Mode"},"sceneLighting":true,"audioPlay":false,"sceneViewState":{"m_AlwaysRefresh":false,"showFog":true,"showSkybox":false,"showFlares":true,"showImageEffects":true,"showParticleSystems":true,"showVisualEffectGraphs":true,"m_FxEnabled":true},"in2DMode":false,"pivot":{"x":15.66584300994873,"y":101.15296173095703,"z":114.24783325195313},"rotation":{"x":0.15445056557655335,"y":-0.8465356826782227,"z":0.37735500931739809,"w":0.3439973294734955},"size":0.3531684875488281,"orthographic":false}