{"cameraMode":{"drawMode":0,"name":"Shaded","section":"Shading Mode"},"sceneLighting":true,"audioPlay":false,"sceneViewState":{"m_AlwaysRefresh":false,"showFog":true,"showSkybox":false,"showFlares":true,"showImageEffects":true,"showParticleSystems":true,"showVisualEffectGraphs":true,"m_FxEnabled":true},"in2DMode":false,"pivot":{"x":2.4639790058135988,"y":82.39713287353516,"z":75.64366149902344},"rotation":{"x":0.004776604473590851,"y":0.9807755351066589,"z":-0.19371391832828523,"w":0.024446506053209306},"size":15.98039436340332,"orthographic":true}