{"cameraMode":{"drawMode":0,"name":"Shaded","section":"Shading Mode"},"sceneLighting":false,"audioPlay":false,"sceneViewState":{"m_AlwaysRefresh":false,"showFog":true,"showSkybox":false,"showFlares":true,"showImageEffects":true,"showParticleSystems":true,"showVisualEffectGraphs":true,"m_FxEnabled":true},"in2DMode":false,"pivot":{"x":-30.349916458129884,"y":15.537284851074219,"z":-4.060331344604492},"rotation":{"x":-0.15917572379112245,"y":0.026947226375341417,"z":-0.004286781419068575,"w":-0.986966073513031},"size":43.85454559326172,"orthographic":true}