{"cameraMode":{"drawMode":0,"name":"Shaded","section":"Shading Mode"},"sceneLighting":false,"audioPlay":false,"sceneViewState":{"m_AlwaysRefresh":false,"showFog":true,"showSkybox":false,"showFlares":true,"showImageEffects":true,"showParticleSystems":true,"showVisualEffectGraphs":true,"m_FxEnabled":true},"in2DMode":false,"pivot":{"x":4.253748893737793,"y":8.825218200683594,"z":-6.213003158569336},"rotation":{"x":-0.17224572598934174,"y":0.00471326382830739,"z":-0.0007774736732244492,"w":-0.9851120114326477},"size":10.473066329956055,"orthographic":true}