{"cameraMode":{"drawMode":0,"name":"Shaded","section":"Shading Mode"},"sceneLighting":true,"audioPlay":false,"sceneViewState":{"m_AlwaysRefresh":false,"showFog":true,"showSkybox":false,"showFlares":true,"showImageEffects":true,"showParticleSystems":true,"showVisualEffectGraphs":true,"m_FxEnabled":true},"in2DMode":false,"pivot":{"x":0.7561243772506714,"y":10.728349685668946,"z":132.78469848632813},"rotation":{"x":0.4130198359489441,"y":0.029228024184703828,"z":-0.013263187371194363,"w":0.9101598262786865},"size":65.602294921875,"orthographic":false}