{"cameraMode":{"drawMode":0,"name":"Shaded","section":"Shading Mode"},"sceneLighting":true,"audioPlay":false,"sceneViewState":{"m_AlwaysRefresh":false,"showFog":true,"showSkybox":false,"showFlares":true,"showImageEffects":true,"showParticleSystems":true,"showVisualEffectGraphs":true,"m_FxEnabled":true},"in2DMode":false,"pivot":{"x":8.860854148864746,"y":34.54084014892578,"z":147.80908203125},"rotation":{"x":0.27248719334602358,"y":-0.012409541755914688,"z":0.0035148896276950838,"w":0.9620763063430786},"size":82.13195037841797,"orthographic":false}