{"cameraMode":{"drawMode":0,"name":"Shaded","section":"Shading Mode"},"sceneLighting":true,"audioPlay":false,"sceneViewState":{"m_AlwaysRefresh":false,"showFog":true,"showSkybox":false,"showFlares":true,"showImageEffects":true,"showParticleSystems":true,"showVisualEffectGraphs":true,"m_FxEnabled":true},"in2DMode":false,"pivot":{"x":-0.2586803436279297,"y":30.592918395996095,"z":151.31503295898438},"rotation":{"x":0.31686556339263918,"y":0.02048681676387787,"z":-0.006845868192613125,"w":0.9482278823852539},"size":65.602294921875,"orthographic":false}