{"cameraMode":{"drawMode":0,"name":"Shaded","section":"Shading Mode"},"sceneLighting":true,"audioPlay":false,"sceneViewState":{"m_AlwaysRefresh":false,"showFog":true,"showSkybox":false,"showFlares":true,"showImageEffects":true,"showParticleSystems":true,"showVisualEffectGraphs":true,"m_FxEnabled":true},"in2DMode":false,"pivot":{"x":1.7745397090911866,"y":-3.245213031768799,"z":44.071983337402347},"rotation":{"x":-0.18770389258861543,"y":-0.04242146760225296,"z":0.00811893492937088,"w":-0.9812862277030945},"size":26.01793098449707,"orthographic":false}