{"cameraMode":{"drawMode":0,"name":"Shaded","section":"Shading Mode"},"sceneLighting":true,"audioPlay":false,"sceneViewState":{"m_AlwaysRefresh":false,"showFog":true,"showSkybox":false,"showFlares":true,"showImageEffects":true,"showParticleSystems":true,"showVisualEffectGraphs":true,"m_FxEnabled":true},"in2DMode":false,"pivot":{"x":18.041040420532228,"y":29.768661499023439,"z":38.19636535644531},"rotation":{"x":-0.42231491208076479,"y":0.03141415864229202,"z":-0.014786367304623127,"w":-0.9058265089988709},"size":230.41427612304688,"orthographic":false}