{"cameraMode":{"drawMode":0,"name":"Shaded","section":"Shading Mode"},"sceneLighting":true,"audioPlay":false,"sceneViewState":{"m_AlwaysRefresh":false,"showFog":true,"showSkybox":false,"showFlares":true,"showImageEffects":true,"showParticleSystems":true,"showVisualEffectGraphs":true,"m_FxEnabled":true},"in2DMode":false,"pivot":{"x":10.428929328918457,"y":-37.49314498901367,"z":27.809513092041017},"rotation":{"x":-0.46703341603279116,"y":-0.035010188817977908,"z":-0.010335116647183895,"w":-0.8835158944129944},"size":53.41334915161133,"orthographic":false}