{"cameraMode":{"drawMode":0,"name":"Shaded","section":"Shading Mode"},"sceneLighting":true,"audioPlay":false,"sceneViewState":{"m_AlwaysRefresh":false,"showFog":true,"showSkybox":false,"showFlares":true,"showImageEffects":true,"showParticleSystems":true,"showVisualEffectGraphs":true,"m_FxEnabled":true},"in2DMode":false,"pivot":{"x":0.2311248779296875,"y":4.884344100952148,"z":-0.46001434326171877},"rotation":{"x":-0.18599483370780946,"y":0.5871685743331909,"z":-0.14088959991931916,"w":-0.7751194834709168},"size":109.1156997680664,"orthographic":false}