{"cameraMode":{"drawMode":0,"name":"Shaded","section":"Shading Mode"},"sceneLighting":true,"audioPlay":false,"sceneViewState":{"m_AlwaysRefresh":false,"showFog":true,"showSkybox":false,"showFlares":true,"showImageEffects":true,"showParticleSystems":true,"showVisualEffectGraphs":true,"m_FxEnabled":true},"in2DMode":false,"pivot":{"x":-70.88812255859375,"y":-116.3070068359375,"z":-117.30538940429688},"rotation":{"x":-0.022593699395656587,"y":0.9789327383041382,"z":-0.14902301132678986,"w":-0.14209097623825074},"size":172.94874572753907,"orthographic":false}