{"cameraMode":{"drawMode":0,"name":"Shaded","section":"Shading Mode"},"sceneLighting":false,"audioPlay":false,"sceneViewState":{"m_AlwaysRefresh":false,"showFog":true,"showSkybox":false,"showFlares":true,"showImageEffects":true,"showParticleSystems":true,"showVisualEffectGraphs":true,"m_FxEnabled":true},"in2DMode":false,"pivot":{"x":-13.046542167663575,"y":-12.191387176513672,"z":13.620227813720704},"rotation":{"x":0.33384138345718386,"y":-0.020038489252328874,"z":0.00670697120949626,"w":0.9431107640266419},"size":39.986358642578128,"orthographic":false}