{"cameraMode":{"drawMode":0,"name":"Shaded","section":"Shading Mode"},"sceneLighting":false,"audioPlay":false,"sceneViewState":{"m_AlwaysRefresh":false,"showFog":true,"showSkybox":false,"showFlares":true,"showImageEffects":true,"showParticleSystems":true,"showVisualEffectGraphs":true,"m_FxEnabled":true},"in2DMode":false,"pivot":{"x":-17.307479858398439,"y":-2.4211931228637697,"z":1.4899177551269532},"rotation":{"x":0.34071749448776247,"y":0.03500131517648697,"z":-0.013193496502935887,"w":0.9401355981826782},"size":24.825613021850587,"orthographic":false}