{"cameraMode":{"drawMode":0,"name":"Shaded","section":"Shading Mode"},"sceneLighting":false,"audioPlay":false,"sceneViewState":{"m_AlwaysRefresh":false,"showFog":true,"showSkybox":false,"showFlares":true,"showImageEffects":true,"showParticleSystems":true,"showVisualEffectGraphs":true,"m_FxEnabled":true},"in2DMode":false,"pivot":{"x":2.384185791015625e-7,"y":0.6901682615280151,"z":1.1920928955078126e-7},"rotation":{"x":-0.10093903541564942,"y":-0.5935577750205994,"z":0.07537124305963516,"w":-0.7948779463768005},"size":0.9933788776397705,"orthographic":false}