{"cameraMode":{"drawMode":0,"name":"Shaded","section":"Shading Mode"},"sceneLighting":false,"audioPlay":false,"sceneViewState":{"m_AlwaysRefresh":false,"showFog":true,"showSkybox":false,"showFlares":true,"showImageEffects":true,"showParticleSystems":true,"showVisualEffectGraphs":true,"m_FxEnabled":true},"in2DMode":false,"pivot":{"x":11.625601768493653,"y":2.643707752227783,"z":17.130704879760743},"rotation":{"x":0.020355962216854097,"y":0.06294497102499008,"z":-0.0012841424904763699,"w":0.9978111982345581},"size":2.371522903442383,"orthographic":false}