{"cameraMode":{"drawMode":0,"name":"Shaded","section":"Shading Mode"},"sceneLighting":false,"audioPlay":false,"sceneViewState":{"m_AlwaysRefresh":false,"showFog":true,"showSkybox":false,"showFlares":true,"showImageEffects":true,"showParticleSystems":true,"showVisualEffectGraphs":true,"m_FxEnabled":true},"in2DMode":false,"pivot":{"x":0.8089744448661804,"y":0.4766003489494324,"z":-0.22723054885864259},"rotation":{"x":0.13352157175540925,"y":-0.14562319219112397,"z":0.019832419231534005,"w":0.9801012873649597},"size":1.5591082572937012,"orthographic":false}