{"cameraMode":{"drawMode":0,"name":"Shaded","section":"Shading Mode"},"sceneLighting":false,"audioPlay":false,"sceneViewState":{"m_AlwaysRefresh":false,"showFog":true,"showSkybox":false,"showFlares":true,"showImageEffects":true,"showParticleSystems":true,"showVisualEffectGraphs":true,"m_FxEnabled":true},"in2DMode":false,"pivot":{"x":-0.5706019401550293,"y":0.9710415601730347,"z":4.115950107574463},"rotation":{"x":0.03207235783338547,"y":-0.9304916858673096,"z":0.3551104664802551,"w":0.08436910063028336},"size":1.9514371156692505,"orthographic":true}