{"cameraMode":{"drawMode":0,"name":"Shaded","section":"Shading Mode"},"sceneLighting":false,"audioPlay":false,"sceneViewState":{"m_AlwaysRefresh":false,"showFog":true,"showSkybox":false,"showFlares":true,"showImageEffects":true,"showParticleSystems":true,"showVisualEffectGraphs":true,"m_FxEnabled":true},"in2DMode":false,"pivot":{"x":0.5806617736816406,"y":0.6215643882751465,"z":4.1724324226379398},"rotation":{"x":-0.037472501397132876,"y":-0.07107274234294892,"z":0.0025492054410278799,"w":-0.9967987537384033},"size":1.502360224723816,"orthographic":true}