{"cameraMode":{"drawMode":0,"name":"Shaded","section":"Shading Mode"},"sceneLighting":false,"audioPlay":false,"sceneViewState":{"m_AlwaysRefresh":false,"showFog":true,"showSkybox":false,"showFlares":true,"showImageEffects":true,"showParticleSystems":true,"showVisualEffectGraphs":true,"m_FxEnabled":true},"in2DMode":false,"pivot":{"x":5.090096473693848,"y":1.3684582710266114,"z":10.838208198547364},"rotation":{"x":0.22081872820854188,"y":-0.5406017303466797,"z":0.14961598813533784,"w":0.7978768348693848},"size":0.8980087041854858,"orthographic":false}