{"cameraMode":{"drawMode":0,"name":"Shaded","section":"Shading Mode"},"sceneLighting":false,"audioPlay":false,"sceneViewState":{"m_AlwaysRefresh":false,"showFog":true,"showSkybox":false,"showFlares":true,"showImageEffects":true,"showParticleSystems":true,"showVisualEffectGraphs":true,"m_FxEnabled":true},"in2DMode":false,"pivot":{"x":0.3380911350250244,"y":0.33393800258636477,"z":-0.16115140914916993},"rotation":{"x":-0.14642402529716493,"y":-0.5709708333015442,"z":0.10525514930486679,"w":-0.8016894459724426},"size":2.4073121547698976,"orthographic":false}