{"cameraMode":{"drawMode":0,"name":"Shaded","section":"Shading Mode"},"sceneLighting":true,"audioPlay":false,"sceneViewState":{"m_AlwaysRefresh":false,"showFog":true,"showSkybox":false,"showFlares":true,"showImageEffects":true,"showParticleSystems":true,"showVisualEffectGraphs":true,"m_FxEnabled":true},"in2DMode":false,"pivot":{"x":14.913139343261719,"y":86.28800964355469,"z":91.83428192138672},"rotation":{"x":0.13588939607143403,"y":-0.47810983657836916,"z":0.07534918189048767,"w":0.8645448088645935},"size":10.103597640991211,"orthographic":true}