{"cameraMode":{"drawMode":0,"name":"Shaded","section":"Shading Mode"},"sceneLighting":true,"audioPlay":false,"sceneViewState":{"m_AlwaysRefresh":false,"showFog":true,"showSkybox":false,"showFlares":true,"showImageEffects":true,"showParticleSystems":true,"showVisualEffectGraphs":true,"m_FxEnabled":true},"in2DMode":false,"pivot":{"x":3.9372289180755617,"y":85.95844268798828,"z":94.34329223632813},"rotation":{"x":0.10929057747125626,"y":0.003313901834189892,"z":-0.0001914007734740153,"w":0.9940893054008484},"size":7.281064033508301,"orthographic":true}