{"cameraMode":{"drawMode":0,"name":"Shaded","section":"Shading Mode"},"sceneLighting":true,"audioPlay":false,"sceneViewState":{"m_AlwaysRefresh":false,"showFog":true,"showSkybox":false,"showFlares":true,"showImageEffects":true,"showParticleSystems":true,"showVisualEffectGraphs":true,"m_FxEnabled":true},"in2DMode":false,"pivot":{"x":3.725752353668213,"y":87.96670532226563,"z":98.3050308227539},"rotation":{"x":0.30154091119766238,"y":0.006298298481851816,"z":-0.0020214568357914688,"w":0.9534830451011658},"size":19.800033569335939,"orthographic":true}