{"cameraMode":{"drawMode":0,"name":"Shaded","section":"Shading Mode"},"sceneLighting":false,"audioPlay":false,"sceneViewState":{"m_AlwaysRefresh":false,"showFog":true,"showSkybox":false,"showFlares":true,"showImageEffects":true,"showParticleSystems":true,"showVisualEffectGraphs":true,"m_FxEnabled":true},"in2DMode":false,"pivot":{"x":1.5956943035125733,"y":0.9351485967636108,"z":-37.539451599121097},"rotation":{"x":0.08362113684415817,"y":0.8500537872314453,"z":-0.12015818804502487,"w":0.5062255263328552},"size":8.168607711791993,"orthographic":false}