{"cameraMode":{"drawMode":0,"name":"Shaded","section":"Shading Mode"},"sceneLighting":false,"audioPlay":false,"sceneViewState":{"m_AlwaysRefresh":false,"showFog":true,"showSkybox":false,"showFlares":true,"showImageEffects":true,"showParticleSystems":true,"showVisualEffectGraphs":true,"m_FxEnabled":true},"in2DMode":false,"pivot":{"x":-1.1920928955078126e-7,"y":1.0462331771850587,"z":2.384185791015625e-7},"rotation":{"x":0.20979322493076325,"y":-0.5130447149276733,"z":0.13094566762447358,"w":0.8219660520553589},"size":1.630297064781189,"orthographic":false}