{"cameraMode":{"drawMode":0,"name":"Shaded","section":"Shading Mode"},"sceneLighting":false,"audioPlay":false,"sceneViewState":{"m_AlwaysRefresh":false,"showFog":true,"showSkybox":false,"showFlares":true,"showImageEffects":true,"showParticleSystems":true,"showVisualEffectGraphs":true,"m_FxEnabled":true},"in2DMode":false,"pivot":{"x":0.9791979193687439,"y":3.605335235595703,"z":3.1143670082092287},"rotation":{"x":0.03207235783338547,"y":-0.9304916858673096,"z":0.3551104664802551,"w":0.08436910063028336},"size":3.080204486846924,"orthographic":true}